{
    "batchName": "",
    "batchTime": 0,
    "boardConf": "",
    "boardCustom": "",
    "boardName": "OAK-D-LITE",
    "boardOptions": 0,
    "boardRev": "R1M1E3",
    "cameraData": [
        [
            2,
            {
                "cameraType": 0,
                "distortionCoeff": [
                    -0.2879124581813812,
                    22.103389739990234,
                    -0.0005978287081234157,
                    0.0009961051400750875,
                    190.6951904296875,
                    -0.2473207414150238,
                    21.887155532836914,
                    190.68804931640625,
                    0.0,
                    0.0,
                    0.0,
                    0.0,
                    0.0,
                    0.0
                ],
                "extrinsics": {
                    "rotationMatrix": [
                        [
                            0.9999918937683105,
                            -0.003391124540939927,
                            -0.002157130977138877
                        ],
                        [
                            0.00338823557831347,
                            0.9999933838844299,
                            -0.0013415119610726833
                        ],
                        [
                            0.002161666052415967,
                            0.001334192231297493,
                            0.9999967813491821
                        ]
                    ],
                    "specTranslation": {
                        "x": 3.75,
                        "y": 0.0,
                        "z": 0.0
                    },
                    "toCameraSocket": 0,
                    "translation": {
                        "x": 3.7330777645111084,
                        "y": 0.007077938411384821,
                        "z": -0.007646644487977028
                    }
                },
                "height": 480,
                "intrinsicMatrix": [
                    [
                        452.61602783203125,
                        0.0,
                        310.0881652832031
                    ],
                    [
                        0.0,
                        452.61602783203125,
                        235.45652770996094
                    ],
                    [
                        0.0,
                        0.0,
                        1.0
                    ]
                ],
                "lensPosition": 0,
                "specHfovDeg": 72.9000015258789,
                "width": 640
            }
        ],
        [
            1,
            {
                "cameraType": 0,
                "distortionCoeff": [
                    -4.153244495391846,
                    25.20193862915039,
                    -0.00017465765995439142,
                    0.0013942411169409752,
                    144.41221618652344,
                    -4.135435581207275,
                    25.08841323852539,
                    144.0260772705078,
                    0.0,
                    0.0,
                    0.0,
                    0.0,
                    0.0,
                    0.0
                ],
                "extrinsics": {
                    "rotationMatrix": [
                        [
                            0.9998413920402527,
                            -0.011473397724330425,
                            -0.013621375896036625
                        ],
                        [
                            0.011466591618955135,
                            0.9999340772628784,
                            -0.0005776765174232423
                        ],
                        [
                            0.013627106323838234,
                            0.00042139412835240364,
                            0.9999070763587952
                        ]
                    ],
                    "specTranslation": {
                        "x": -7.5,
                        "y": 0.0,
                        "z": 0.0
                    },
                    "toCameraSocket": 2,
                    "translation": {
                        "x": -7.489764213562012,
                        "y": -0.03753340616822243,
                        "z": -0.07129769027233124
                    }
                },
                "height": 480,
                "intrinsicMatrix": [
                    [
                        454.3994140625,
                        0.0,
                        304.20391845703125
                    ],
                    [
                        0.0,
                        454.3994140625,
                        235.3710479736328
                    ],
                    [
                        0.0,
                        0.0,
                        1.0
                    ]
                ],
                "lensPosition": 0,
                "specHfovDeg": 72.9000015258789,
                "width": 640
            }
        ],
        [
            0,
            {
                "cameraType": 0,
                "distortionCoeff": [
                    14.114155769348145,
                    -37.699134826660156,
                    -6.336717342492193e-05,
                    0.0017074552597478032,
                    240.32693481445313,
                    14.114433288574219,
                    -39.504783630371094,
                    241.54147338867188,
                    0.0,
                    0.0,
                    0.0,
                    0.0,
                    0.0,
                    0.0
                ],
                "extrinsics": {
                    "rotationMatrix": [
                        [
                            0.0,
                            0.0,
                            0.0
                        ],
                        [
                            0.0,
                            0.0,
                            0.0
                        ],
                        [
                            0.0,
                            0.0,
                            0.0
                        ]
                    ],
                    "specTranslation": {
                        "x": -0.0,
                        "y": -0.0,
                        "z": -0.0
                    },
                    "toCameraSocket": -1,
                    "translation": {
                        "x": 0.0,
                        "y": 0.0,
                        "z": 0.0
                    }
                },
                "height": 2160,
                "intrinsicMatrix": [
                    [
                        2994.451171875,
                        0.0,
                        2016.2567138671875
                    ],
                    [
                        0.0,
                        2994.451171875,
                        1080.2032470703125
                    ],
                    [
                        0.0,
                        0.0,
                        1.0
                    ]
                ],
                "lensPosition": 0,
                "specHfovDeg": 68.7938003540039,
                "width": 3840
            }
        ]
    ],
    "hardwareConf": "",
    "imuExtrinsics": {
        "rotationMatrix": [
            [
                0.0,
                0.0,
                0.0
            ],
            [
                0.0,
                0.0,
                0.0
            ],
            [
                0.0,
                0.0,
                0.0
            ]
        ],
        "specTranslation": {
            "x": 0.0,
            "y": 0.0,
            "z": 0.0
        },
        "toCameraSocket": -1,
        "translation": {
            "x": 0.0,
            "y": 0.0,
            "z": 0.0
        }
    },
    "miscellaneousData": [],
    "productName": "",
    "stereoRectificationData": {
        "leftCameraSocket": 1,